City,Vancouver,Portland,San Francisco,Seattle,Los Angeles,San Diego,Las Vegas,Phoenix,Albuquerque,Denver,San Antonio,Dallas,Houston,Kansas City,Minneapolis,Saint Louis,Chicago,Nashville,Indianapolis,Atlanta,Detroit,Jacksonville,Charlotte,Miami,Pittsburgh,Toronto,Philadelphia,New York,Montreal,Boston,Beersheba,Tel Aviv District,Eilat,Haifa,Nahariyya,Jerusalem
Country,Canada,United States,United States,United States,United States,United States,United States,United States,United States,United States,United States,United States,United States,United States,United States,United States,United States,United States,United States,United States,United States,United States,United States,United States,United States,Canada,United States,United States,Canada,United States,Israel,Israel,Israel,Israel,Israel,Israel
Latitude,49.24966,45.523449,37.774929,47.606209,34.052231,32.715328,36.174969,33.44838,35.084492,39.739151,29.42412,32.783058,29.763281,39.099731,44.979969,38.62727,41.850029,36.16589,39.768379,33.749001,42.331429,30.33218,35.227089,25.774269,40.44062,43.700111,39.952339,40.714272,45.508839,42.358429,31.25181,32.083328,29.55805,32.815559,33.005859,31.769039
Longitude,-123.119339,-122.676208,-122.419418,-122.332069,-118.243683,-117.157257,-115.137222,-112.074043,-106.651138,-104.984703,-98.493629,-96.806671,-95.363274,-94.578568,-93.26384,-90.197891,-87.650047,-86.784439,-86.158043,-84.387978,-83.045753,-81.655647,-80.843132,-80.193657,-79.995888,-79.416298,-75.163788,-74.005966,-73.587807,-71.059769,34.791302,34.799999,34.948212,34.98917,35.09409,35.216331
Altitude,0,50,52,174,305,62,2001,1086,5312,5279,650,430,79,909,830,466,597,597,719,738,656,16,761,6,1223,251,39,33,764,141,853,16,1148,33,46,2474
